{
  "files": [
    {
      "filepath": "/Users/hugorichard/Dev/evlog/packages/evlog/bench/core/ai-flush.bench.ts",
      "groups": [
        {
          "fullName": "bench/core/ai-flush.bench.ts > multi-step agent flush throughput",
          "benchmarks": [
            {
              "id": "-1077893317_0_0",
              "name": "6 steps, no subscriber",
              "rank": 2,
              "rme": 1.9541432174438138,
              "samples": [],
              "totalTime": 500.00757100000095,
              "min": 0.356708000000026,
              "max": 4.145500000000027,
              "hz": 2313.964961942542,
              "period": 0.43215866119274066,
              "mean": 0.43215866119274066,
              "variance": 0.021479315554181054,
              "sd": 0.14655823263870596,
              "sem": 0.004308673044027517,
              "df": 1156,
              "critical": 1.96,
              "moe": 0.008444999166293933,
              "p75": 0.4220829999999296,
              "p99": 0.9438749999999914,
              "p995": 1.0518329999999878,
              "p999": 1.1087909999999965,
              "sampleCount": 1157,
              "median": 0.4058750000000373
            },
            {
              "id": "-1077893317_0_1",
              "name": "6 steps, with subscriber",
              "rank": 1,
              "rme": 1.0010450653516223,
              "samples": [],
              "totalTime": 500.32299200000216,
              "min": 0.3529999999998381,
              "max": 1.1083750000000236,
              "hz": 2402.44805699434,
              "period": 0.4162420898502514,
              "mean": 0.4162420898502514,
              "variance": 0.005432397866201724,
              "sd": 0.07370480219227052,
              "sem": 0.002125903520593065,
              "df": 1201,
              "critical": 1.96,
              "moe": 0.004166770900362407,
              "p75": 0.41374999999993634,
              "p99": 0.851790999999821,
              "p995": 0.8941250000000309,
              "p999": 1.0600000000000591,
              "sampleCount": 1202,
              "median": 0.40014600000000655
            },
            {
              "id": "-1077893317_0_2",
              "name": "50 steps, no subscriber",
              "rank": 3,
              "rme": 1.4530140207426026,
              "samples": [],
              "totalTime": 501.14557499999796,
              "min": 1.61974999999984,
              "max": 3.423958999999968,
              "hz": 532.7793226549014,
              "period": 1.876949719101116,
              "mean": 1.876949719101116,
              "variance": 0.05169446034175744,
              "sd": 0.22736415799715978,
              "sem": 0.013914460500422506,
              "df": 266,
              "critical": 1.96,
              "moe": 0.02727234258082811,
              "p75": 1.915666999999985,
              "p99": 3.1873330000000806,
              "p995": 3.379457999999886,
              "p999": 3.423958999999968,
              "sampleCount": 267,
              "median": 1.8168749999999818
            },
            {
              "id": "-1077893317_0_3",
              "name": "50 steps, with subscriber",
              "rank": 4,
              "rme": 1.6516547183970922,
              "samples": [],
              "totalTime": 501.04862800000274,
              "min": 1.6455000000000837,
              "max": 5.002375000000029,
              "hz": 518.9117093041887,
              "period": 1.9271101076923183,
              "mean": 1.9271101076923183,
              "variance": 0.06856662745033229,
              "sd": 0.26185230083070166,
              "sem": 0.016239390317554826,
              "df": 259,
              "critical": 1.96,
              "moe": 0.03182920502240746,
              "p75": 1.953125,
              "p99": 2.719292000000223,
              "p995": 3.405583000000206,
              "p999": 5.002375000000029,
              "sampleCount": 260,
              "median": 1.8637914999999339
            }
          ]
        }
      ]
    }
  ]
}