{
  "files": [
    {
      "filepath": "/Users/hugorichard/Dev/evlog/packages/evlog/bench/core/middleware.bench.ts",
      "groups": [
        {
          "fullName": "bench/core/middleware.bench.ts > resolveMiddlewarePluginRunner (cached hot path)",
          "benchmarks": [
            {
              "id": "-1792596888_0_0",
              "name": "no local plugins (returns global empty runner)",
              "rank": 1,
              "rme": 0.12525493743245988,
              "samples": [],
              "totalTime": 500.00000599969604,
              "min": 0,
              "max": 0.07749999999987267,
              "hz": 38340055.53994264,
              "period": 0.000026082382665257248,
              "mean": 0.000026082382665257248,
              "variance": 5.325922443081668e-9,
              "sd": 0.00007297891779878397,
              "sem": 1.666809800421568e-8,
              "df": 19170027,
              "critical": 1.96,
              "moe": 3.266947208826273e-8,
              "p75": 0.00004200000000764703,
              "p99": 0.00004200000012133387,
              "p995": 0.00004200000012133387,
              "p999": 0.00012500000002546585,
              "sampleCount": 19170028,
              "median": 0.00004100000001017179
            },
            {
              "id": "-1792596888_0_1",
              "name": "2 local plugins (cached after first call)",
              "rank": 2,
              "rme": 0.12434941826416622,
              "samples": [],
              "totalTime": 500.00003099798414,
              "min": 0,
              "max": 0.07995900000059919,
              "hz": 33366225.931428514,
              "period": 0.000029970425844838328,
              "mean": 0.000029970425844838328,
              "variance": 6.031680352185098e-9,
              "sd": 0.00007766389349102386,
              "sem": 1.901431132109683e-8,
              "df": 16683113,
              "critical": 1.96,
              "moe": 3.7268050189349784e-8,
              "p75": 0.00004199999966658652,
              "p99": 0.00004200000057608122,
              "p995": 0.00004200000057608122,
              "p999": 0.0001249999995707185,
              "sampleCount": 16683114,
              "median": 0.000041000000237545464
            },
            {
              "id": "-1792596888_0_2",
              "name": "3 local plugins (cached after first call)",
              "rank": 3,
              "rme": 0.12162944781535316,
              "samples": [],
              "totalTime": 500.0000319926021,
              "min": 0,
              "max": 0.0690840000006574,
              "hz": 32916067.893858675,
              "period": 0.000030380299470295337,
              "mean": 0.000030380299470295337,
              "variance": 5.8496167077870515e-9,
              "sd": 0.00007648278700326664,
              "sem": 1.8852750250189227e-8,
              "df": 16458034,
              "critical": 1.96,
              "moe": 3.695139049037088e-8,
              "p75": 0.00004199999966658652,
              "p99": 0.00004200000148557592,
              "p995": 0.00004200000148557592,
              "p999": 0.0001250000004802132,
              "sampleCount": 16458035,
              "median": 0.000041000001147040166
            }
          ]
        },
        {
          "fullName": "bench/core/middleware.bench.ts > createMiddlewareLogger (full per-request setup)",
          "benchmarks": [
            {
              "id": "-1792596888_1_0",
              "name": "no plugins, no headers",
              "rank": 2,
              "rme": 0.42625798492542144,
              "samples": [],
              "totalTime": 500.000016998938,
              "min": 0.0001249999986612238,
              "max": 0.17770800000107556,
              "hz": 4499567.84702425,
              "period": 0.0002222435651595611,
              "mean": 0.0002222435651595611,
              "variance": 5.255718871378153e-7,
              "sd": 0.0007249633695144986,
              "sem": 4.833321135079394e-7,
              "df": 2249783,
              "critical": 1.96,
              "moe": 9.473309424755613e-7,
              "p75": 0.00020899999981338624,
              "p99": 0.0006670000002486631,
              "p995": 0.0010000000002037268,
              "p999": 0.0012920000008307397,
              "sampleCount": 2249784,
              "median": 0.00020799999947485048
            },
            {
              "id": "-1792596888_1_1",
              "name": "no plugins, safe headers",
              "rank": 1,
              "rme": 0.42516813299748185,
              "samples": [],
              "totalTime": 500.0001460016447,
              "min": 0.0001249999986612238,
              "max": 0.1866250000002765,
              "hz": 4514436.681769639,
              "period": 0.00022151157951516654,
              "mean": 0.00022151157951516654,
              "variance": 5.211657108911516e-7,
              "sd": 0.0007219180776869018,
              "sem": 4.805084933662582e-7,
              "df": 2257218,
              "critical": 1.96,
              "moe": 9.41796646997866e-7,
              "p75": 0.00020899999981338624,
              "p99": 0.0006659999999101274,
              "p995": 0.0010000000002037268,
              "p999": 0.0012499999993451638,
              "sampleCount": 2257219,
              "median": 0.00020799999947485048
            },
            {
              "id": "-1792596888_1_2",
              "name": "2 plugins (cached merge)",
              "rank": 3,
              "rme": 0.47133884198767245,
              "samples": [],
              "totalTime": 500.16770299946256,
              "min": 0.0001249999986612238,
              "max": 0.28179199999976845,
              "hz": 4329167.971092141,
              "period": 0.0002309912682246249,
              "mean": 0.0002309912682246249,
              "variance": 6.681370057045776e-7,
              "sd": 0.0008173964801151138,
              "sem": 5.554854942564211e-7,
              "df": 2165309,
              "critical": 1.96,
              "moe": 0.0000010887515687425854,
              "p75": 0.00020899999981338624,
              "p99": 0.0006670000002486631,
              "p995": 0.0010000000002037268,
              "p999": 0.001291000000492204,
              "sampleCount": 2165310,
              "median": 0.0002080000012938399
            }
          ]
        },
        {
          "fullName": "bench/core/middleware.bench.ts > full request lifecycle (createMiddlewareLogger → set → finish)",
          "benchmarks": [
            {
              "id": "-1792596888_2_0",
              "name": "no plugins, no drain",
              "rank": 1,
              "rme": 2.1388363834408537,
              "samples": [],
              "totalTime": 500.1108319997584,
              "min": 0.0006659999999101274,
              "max": 5.3879999999990105,
              "hz": 1131663.1510198393,
              "period": 0.0008836551752160648,
              "mean": 0.0008836551752160648,
              "variance": 0.000052624995307836525,
              "sd": 0.007254308740868183,
              "sem": 0.000009642825710040417,
              "df": 565956,
              "critical": 1.96,
              "moe": 0.000018899938391679218,
              "p75": 0.0008749999997235136,
              "p99": 0.0015000000003055902,
              "p995": 0.00170800000159943,
              "p999": 0.0059999999994033715,
              "sampleCount": 565957,
              "median": 0.0008330000000569271
            },
            {
              "id": "-1792596888_2_1",
              "name": "2 plugins, sync drain",
              "rank": 2,
              "rme": 0.3780122647487143,
              "samples": [],
              "totalTime": 500.0013699995761,
              "min": 0.0011660000000119908,
              "max": 0.17650000000139698,
              "hz": 674676.1513879171,
              "period": 0.0014821926015064256,
              "mean": 0.0014821926015064256,